variance,skewness,curtosis,entropy,label,class
-5.2049,7.2589999999999995,0.070827,-7.3004,0,1
1.5077,1.9596,-3.0584,-0.12243,1,1
0.3223,-0.8980799999999999,8.0883,0.69222,0,0
2.6799,3.1349,0.34073000000000003,0.5848899999999999,0,0
-6.9599,8.9931,0.2182,-4.572,0,1
-3.5713,-12.4922,14.8881,-0.47026999999999997,0,1
-1.9922,11.6542,2.6542,-5.2107,0,0
3.2351,9.647,-3.2074,-2.5948,0,0
-3.2051,-0.14279,0.97565,0.045675,0,1
-1.1804,11.5093,0.15565,-6.8194,0,0
1.6799,4.2068,-4.5398,-2.3931,1,1
0.93611,8.6413,-1.6351,-1.3043,0,0
-0.77461,-1.8768,2.4023,1.1319,0,1
-4.8554,-5.9037,10.9818,-0.82199,0,1
2.2429,-4.1427,5.2333,-0.40173000000000003,0,0
-0.9607,2.6963,-3.1226,-1.3121,0,1
-5.525,6.3258,0.8976799999999999,-6.6241,0,1
0.9297,-3.7971,4.6429,-0.2957,0,0
-2.0759,10.8223,2.6439,-4.837,0,0
4.3684,9.6718,-3.9606,-3.1625,0,0
1.3566,4.2358,2.1341,0.3211,0,0
2.0922,-6.81,8.4636,-0.60216,0,0
4.5597,-2.4211,2.6413,1.6168,0,0
3.8027,0.81529,2.1041,1.0245,0,0
-3.9204,4.0723,-0.23678000000000002,-2.1151,1,1
-1.8187,-9.0366,9.0162,-0.12243,0,1
-2.2173,1.4671,-0.7268899999999999,-1.1724,1,1
2.5559,3.3605,2.0321,0.26809,0,0
-1.005,0.08483099999999999,-0.2462,0.45688,0,1
-1.9409,-8.6848,9.155,0.9404899999999999,0,1
-3.7181,-8.5089,12.363,-0.9551799999999999,1,1
3.8644,3.7061,0.70403,0.35214,0,0
1.5673,7.9274,-0.056842,-2.1694,0,0
-0.82601,2.9611,-1.2864,-1.4647,0,1
1.143,0.83391,5.4552,-0.56984,0,0
-1.0833,-0.31246999999999997,1.2815,0.41291000000000005,0,1
-0.10647999999999999,-0.76771,7.7575,0.64179,0,0
4.1373,0.49248000000000003,1.093,1.8276,0,0
-2.8957,-12.0205,11.9149,-2.7552,0,1
0.7057,-5.4981,8.3368,-2.8715,0,0
-0.87834,3.2569999999999997,-3.6778,-3.2944,0,1
-1.5322,-5.0966,6.6779,0.17498,0,1
-2.9662,-10.3257,8.783999999999999,-2.1138,1,1
0.63655,5.2022,-5.2159,-6.1211,0,1
-3.8073,-8.0971,10.1772,0.65084,0,1
-3.1128,-6.841,10.7402,-1.0172,0,1
-2.3242,11.5176,1.8231,-5.375,0,0
-2.3675,-0.43663,1.692,-0.43018,0,1
-5.0477,-5.8023,11.244000000000002,-0.3901,0,1
-1.2369,-1.6906,2.5180000000000002,0.51636,0,1
-3.9297,-6.0816,10.0958,-1.0147,0,1
0.75108,1.9161,-3.1098,-0.20518000000000003,0,1
-2.3629,-0.10554000000000001,1.9336,1.1358,0,1
-1.5228,-6.4789,5.7568,0.87325,1,1
3.6289,0.8132199999999999,1.6277,0.77627,0,0
0.12326,8.9848,-0.9351,-2.4332,0,0
5.8862,5.8747,-2.8167,-0.30086999999999997,0,0
3.4591,11.112,-4.2039,-5.0931,0,0
3.9479,-3.7723,2.883,0.019813,0,0
-3.0193,1.7775,0.73745,-0.45346000000000003,0,1
-1.7599,11.9211,2.6756,-3.3241,0,0
-1.8584,7.886,-1.6643,-1.8384,0,0
-0.7056,8.7241,2.2215,-4.5965,0,0
1.7875,4.78,-5.1362,-3.2362,0,1
0.9829600000000001,3.4226,-3.9692,-1.7116,1,1
-4.2887,-7.8633,11.8387,-1.8978,0,1
0.49571000000000004,10.2243,-1.097,-4.0159,0,0
-2.7611,-10.5099,9.0239,-1.9547,0,1
3.9719,1.0367,0.75973,1.0013,0,0
1.2706,8.035,-0.19651,-2.1888,0,0
-0.2062,9.2207,-3.7044,-6.8103,0,0
3.9292,-2.9156,2.2129,0.30817,0,0
-3.3604,-0.32696,2.1324,0.6017,1,1
-0.3481,-0.38695999999999997,-0.47841000000000006,0.62627,0,1
0.23874,2.0879,-3.3522,-0.6655300000000001,0,1
2.9695,5.6222,0.27560999999999997,-1.1556,0,0
-2.234,-7.0314,7.4936,0.61334,1,1
1.0987,0.6394,5.989,-0.58277,0,0
3.245,6.63,-0.63435,0.8693700000000001,0,0
2.1752,-0.8091,5.1022,-0.67975,0,0
-1.3887,-4.8773,6.4774,0.34179,0,1
-2.6479,10.1374,-1.331,-5.4707,0,0
0.25943,5.0097,-5.0394,-6.3862,0,1
-2.5419,-0.65804,2.6842,1.1952,1,1
4.1605,11.2196,-3.6136,-4.0819,0,0
-0.8172,3.3812,-3.6684,-3.4560000000000004,0,1
1.8314,6.3672,-0.036278,0.049554,0,0
-1.8439,-8.6475,7.6796,-0.66682,1,1
5.3586,3.7557,-1.7345,1.0789,0,0
-1.1313,1.9037,7.5339,1.022,0,0
6.8248,5.2187,-2.5425,0.5461,0,0
-1.3066,0.25244,0.7623,1.7758,0,1
-0.74324,-0.32902,-0.42785,0.23317,0,1
-1.7479,-5.8229999999999995,5.8699,1.212,0,1
-2.8829,3.8964,-0.1888,-1.1672,0,1
0.25035,9.3262,-3.6873,-6.2543,0,0
0.88992,2.2638,-3.1046,-0.11855,0,1
-1.6706,-2.09,1.584,0.71162,0,1
0.22432,-0.52147,-0.40386,1.2017,0,1
-4.8426,-4.9932,10.4052,-0.53104,0,1
4.364,-3.1039,2.3757,0.78532,0,0
1.2198,2.0982,-3.1954,0.12843,0,1
1.8384,6.063,0.54723,0.51248,0,0
0.6212,3.6771,-4.0771,-2.0711,0,1
-4.0786,2.9239,0.87026,-0.65389,0,1
2.8232,10.8513,-3.1466,-3.9784,0,0
-1.3414,-2.0776,2.8093,0.60688,0,1
-0.9358700000000001,-5.1008,4.5367,1.3866,1,1
0.11592000000000001,3.2219,-3.4302,-2.8457,0,1
-2.1674,0.12415,-1.0465,-0.86208,0,1
-4.1429,2.7749,0.68261,-0.7198399999999999,0,1
-3.1875,-7.5756,11.8678,-0.57889,0,1
0.68087,2.3259,4.9085,0.54998,0,0
3.5982,7.1307,-1.3035,0.21248000000000003,0,0
4.4069,10.9072,-4.5775,-4.4271,0,0
4.1962,0.74493,0.8325600000000001,0.753,0,0
1.1811,8.3847,-2.0567,-0.90345,0,0
-1.5877,-6.6072,5.8022,0.31593000000000004,0,1
4.0026,-3.5943,3.5573,0.26809,0,0
4.8272,3.0687,0.68604,0.8073100000000001,0,0
0.0096613,3.5612,-4.407,-4.4103,1,1
1.8238,-6.7748,8.3873,-0.5413899999999999,0,0
3.8962,-4.7904,3.3954,-0.53751,0,0
-2.8989999999999996,-0.60424,2.6045,1.3776,0,1
-1.0941,2.3072,-2.5237,-1.4453,0,1
2.4287,9.3821,-3.2477,-1.4543,0,0
3.8999,1.734,1.6011,0.96765,0,0
-3.3458,-0.5049100000000001,2.6328,0.53705,1,1
2.9163,10.8306,-3.3437,-4.122,0,0
3.0672,-4.4117,3.8238,-0.81682,0,0
1.5904,2.2121,-3.1183,-0.11725,0,1
-1.7344,2.0175,7.7618,0.93532,0,0
2.4859999999999998,-0.9953299999999999,5.3404,-0.15475,0,0
-4.577,3.4515,0.66719,-0.94742,0,1
-2.2617,-4.7428,6.3489,0.11162000000000001,0,1
4.052,-0.16555,0.45383,0.51248,0,0
2.0177,1.7982,-2.9581,0.2099,0,1
2.2928,9.0386,-3.2417,-1.2991,0,0
-2.6685,-10.4519,9.1139,-1.7323,0,1
0.051979,7.0521,-2.0541,-3.1508,0,0
0.74307,11.17,-1.3824,-4.0728,0,0
-0.8980899999999999,-4.4862,2.2009,0.50731,0,1
1.7619999999999998,4.3682,2.1384,0.75429,0,0
2.5635,6.7769,-0.61979,0.38576,0,0
3.0242,-3.3378,2.5865,-0.54785,0,0
3.3583,10.3567,-3.7301,-3.6991,0,0
-6.1536,7.9295,0.61663,-3.2646,0,1
4.8368,10.0132,-4.3239,-4.3276,0,0
3.7439999999999998,0.79459,0.9585100000000001,1.0077,0,0
-1.5219999999999998,-6.6383,5.7491,-0.10690999999999999,0,1
-0.52645,-0.24831999999999999,-0.45613000000000004,0.41938000000000003,1,1
1.6408,4.2503,-4.9023,-2.6621,1,1
3.6922,-3.9585,4.3439,1.3517,0,0
-2.4561,-4.5566,6.4534,-0.056478999999999994,0,1
-6.3979,6.4479,1.0836,-6.6176,0,1
-2.3277,1.4381,-0.82114,-1.2862,0,1
4.8278,7.7598,-2.4491,-1.2216,0,0
-0.98193,2.7956,-1.2341,-1.5668,0,1
2.5089,6.841,-0.029423,0.44911999999999996,0,0
1.8799,2.4707,2.4931,0.37671,0,0
2.3164,-2.628,3.1529,-0.08622,0,0
5.0185,8.5978,-2.9375,-1.281,0,0
5.504,10.3671,-4.413,-4.0211,0,0
-2.4365,3.6026,-1.4166,-2.8948,0,1
4.5447,8.2274,-2.4166,-1.5875,0,0
-1.7322,-9.2828,7.718999999999999,-1.7168,0,1
-6.5235,9.6014,-0.25392,-6.9642,0,1
-3.3924,3.3564,-0.72004,-3.5233,1,1
2.5328,7.528,-0.41928999999999994,-2.6478,0,0
3.7569999999999997,-5.4236,3.8255,-1.2526,0,0
1.0182,9.109,-0.62064,-1.7129,0,0
-0.036127,1.525,-1.4089,-0.76121,1,1
-2.3142,-0.68494,1.9833,-0.44828999999999997,0,1
0.15423,0.11794,-1.6823,0.59524,0,1
3.4893,6.69,-1.2042,-0.38750999999999997,0,0
-4.9447,3.3005,1.063,-1.444,0,1
1.8114,7.6067,-0.9788,-2.4668,0,0
-3.2778,1.8023,0.1805,-2.3931,0,1
2.6881,6.0195,-0.46641000000000005,-0.6926800000000001,0,0
0.80355,2.8473,4.3439,0.6017,0,0
-3.5801,-12.9309,13.1779,-2.5677,0,1
-1.4275,11.8797,0.41613,-6.9978,0,0
-3.3863,-12.9889,13.0545,-2.7202,1,1
2.1721,-0.73874,5.4672,-0.7237100000000001,0,0
1.0637,3.6957,-4.1594,-1.9379,0,1
-2.1668,1.5933,0.045122,-1.6780000000000002,0,1
1.8533,6.1458,1.0176,-2.0401,0,0
0.3798,0.7098,0.7572,-0.4444,0,0
4.2134,-2.806,2.0116,0.6741199999999999,0,0
-4.3967,4.9601,-0.6489199999999999,-5.4719,0,1
-0.6987899999999999,-3.3771,4.1211,1.5043,0,1
1.2572,4.8731,-5.2861,-5.8741,0,1
0.11805999999999998,0.39108000000000004,-0.9822299999999999,0.42843000000000003,0,1
-3.4083,4.8587,-0.76888,-4.8668,0,1
5.0617,-0.35799000000000003,0.44698000000000004,0.9986799999999999,0,0
-0.76794,3.4598,-3.4405,-3.4276,0,1
0.33565,6.8369,0.69718,-0.55691,0,0
2.4527,2.9653,0.20021,-0.056478999999999994,0,0
4.1927,-3.2674,2.5839,0.21766,0,0
0.59823,3.5012,-3.9795,-1.7841,0,1
1.3087,4.9228,2.0013,0.22024000000000002,0,0
-3.4605,2.6901,0.16165,-1.0224,0,1
5.2620000000000005,3.9834,-1.5572,1.0103,0,0
0.86816,10.2429,-1.4912,-4.0082,0,0
-1.3274,9.498,2.4408,-5.2689,0,0
-0.66008,-3.2260000000000004,3.8058,1.1836,0,1
3.1060000000000003,9.5414,-4.2536,-4.003,0,0
-2.7338,0.45523,2.4391,0.21766,1,1
3.6667,4.302,0.55923,0.33791,0,0
-1.1005,-7.2508,6.0139,0.36895,0,1
-1.8554,-9.6035,7.7764,-0.97716,1,1
-0.9131799999999999,-2.0113,-0.19565,0.066365,1,1
0.3292,-4.4552,4.5718,-0.9888,0,0
1.3264,1.0326,5.6566,-0.41336999999999996,0,0
-0.7869,9.5663,-3.7867,-7.5034,0,0
0.48796999999999996,3.5674,-4.3882,-3.8116,0,1
2.2546,8.0992,-0.24877,-3.2698,0,0
0.007124899999999999,8.3661,0.50781,-3.8155,0,0
1.5268,-5.5871,8.6564,-1.722,0,0
5.4188,10.1457,-4.084,-3.6991,0,0
3.5912,3.0129,0.72888,0.56421,0,0
1.0117,0.9022,-2.3506,0.42713999999999996,1,1
-0.55648,3.2136,-3.3085,-2.7965,0,1
-6.7387,6.9879,0.67833,-7.5887,0,1
0.38478,6.5989,-0.3336,-0.56466,0,0
-4.8861,7.0542,-0.17252,-6.959,0,1
-1.3885,12.5026,0.69118,-7.5487,0,0
-1.0116,-0.19038,-0.90597,0.003003,1,1
2.6682,10.216000000000001,-3.4414,-4.0069,0,0
3.4092,5.4049,-2.5228,-0.8995799999999999,0,0
-2.2811,-0.85669,2.7185,0.044382,0,1
-2.8833,1.7713,0.6894600000000001,-0.4638,0,1
-2.4458,1.6285,-0.88541,-1.4802,0,1
-1.8974,3.5074,-1.7842,-3.8491,1,1
3.8496,9.7939,-4.1508,-4.4582,0,0
1.4501,3.6067,-4.0557,-1.5966,0,1
2.1274,5.1939,-1.7971,-1.1763,0,0
-2.1241,-6.8969,5.5992,-0.47156000000000003,0,1
0.5706,-0.0248,1.2421,-0.5621,0,0
4.7432,2.1086,0.1368,1.6543,0,0
-1.3659999999999999,0.18416,0.9053899999999999,1.5806,0,1
-1.7582,2.7397,-2.5323,-2.234,0,1
-1.8348,11.0334,3.1863,-4.8888,0,0
6.0919,2.9673,-1.3267,1.4551,0,0
-1.8411,10.8306,2.7689999999999997,-3.0901,0,0
-0.21394000000000002,-0.68287,0.096532,1.1965,0,1
3.7791,2.5762,1.3098,0.5655,0,0
-2.2482,3.0915,-2.3969,-2.6711,1,1
-1.3931,1.5664,7.5382,0.78403,0,0
2.3925,9.798,-3.0361,-2.8224,0,0
1.4507,8.7903,-2.2324,-0.65259,0,0
0.5415,6.0319,1.6825,-0.46121999999999996,0,0
-2.6864,-0.097265,0.61663,0.061191999999999996,0,1
-4.1409,3.4619,-0.47841000000000006,-3.8879,0,1
-1.3907,-1.3781,2.3055,-0.021566,0,1
-0.94255,0.039307,-0.24191999999999997,0.31593000000000004,0,1
4.0296,2.6756,0.80685,0.7167899999999999,0,0
-1.2943,2.6735,-0.84085,-2.0323,0,1
-1.5768,10.843,2.5462,-2.9362,0,0
-4.0218,-8.304,12.555,-1.5099,1,1
2.0007,1.8644,2.6491,0.47368999999999994,0,0
0.025013,3.3998,-4.4327,-4.2655,0,1
2.9719,6.8369,-0.2702,0.71291,0,0
1.3638,-4.7759,8.4182,-1.8836,0,0
-2.1405,-0.16762,1.321,-0.20906,0,1
3.2692,3.4184,0.20706,-0.066824,0,0
0.6818,4.8504,-5.2133,-6.1043,0,1
1.8664,7.7763,-0.23849,-2.9634,0,0
-2.1979,-2.1252,1.7151,0.45171000000000006,0,1
3.4647,-3.9172,3.9746,0.36119,0,0
1.5799,-4.7076,7.9186,-1.5487,0,0
-1.0802,2.1996,-2.5862,-1.2759,0,1
0.6005,1.9327,-3.2888,-0.32415,0,1
-4.6338,-12.7509,16.7166,-3.2168,0,1
0.5593899999999999,-0.3104,0.18307,0.44653000000000004,0,1
-2.7264,3.9213,-0.49212,-3.6371,0,1
2.3678,-6.8389999999999995,8.4207,-0.44828999999999997,0,0
2.8523,9.0096,-3.761,-3.3371,0,0
-1.9667,11.8052,-0.40471999999999997,-7.8719,0,0
-5.4901,9.1048,-0.38758000000000004,-5.9763,0,1
2.7961,2.121,1.8385,0.38316999999999996,0,0
3.3848,3.2674,0.9096700000000001,0.25128,0,0
-1.7697,3.4329,-1.2144,-2.3789,0,1
1.5631,0.89599,-1.9702,0.65472,0,1
-1.2244,1.7485,-1.4801,-1.4181,0,1
-3.8203,-13.0551,16.9583,-2.3052,1,1
-0.2361,9.3221,2.1307,-4.3793,0,0
-2.456,-0.24418,1.4041,-0.45863000000000004,0,1
4.4549,2.4976,1.0313,0.9689399999999999,0,0
-1.9551,-6.9756,5.5383,-0.12889,0,1
-5.0676,-5.1877,10.4266,-0.86725,0,1
4.3634,0.46351000000000003,1.4281,2.0202,0,0
-2.343,12.9516,3.3285,-5.9426,0,0
-0.9592299999999999,-6.7128,4.9857,0.32886,0,1
-2.0336,-1.4092,1.1582,0.36507,0,1
-1.7064,3.3088,-2.2829,-2.1978,0,1
0.27451,9.2186,-3.2863,-4.8448,0,0
3.9232,-3.2467,3.4579,0.83705,0,0
-0.64472,-4.6062,8.347000000000001,-2.7099,0,0
-3.9411,-12.8792,13.0597,-3.3125,1,1
-0.69745,-1.7672,-0.34474,-0.12372000000000001,1,1
0.77805,6.6424,-1.1425,-1.0573,0,0
3.9262,6.0299,-2.0156,-0.06553099999999999,0,0
-4.3773,-5.5167,10.939,-0.4082,0,1
0.066129,2.4914,-2.9401,-0.62156,0,1
-1.0555,0.79459,-1.6968,-0.46768000000000004,0,1
0.3292,-4.4552,4.5718,-0.9888,0,0
3.6575,7.2797,-2.2692,-1.1440000000000001,0,0
-0.023579,7.1742,0.78457,-0.75734,0,0
-2.5701,-6.8452,8.9999,2.1353,1,1
2.0153,0.43661000000000005,4.5864,-0.3151,0,0
-2.5373,-6.959,8.8054,1.5289,0,1
-0.062025,6.1975,1.099,-1.131,0,0
-1.9116,-6.1603,5.606,0.48533000000000004,1,1
-1.6662,-0.30005,1.4238,0.024986,0,1
0.4283,-0.94981,-1.0731,0.3211,0,1
0.89512,4.7738,-4.8431,-5.5909,0,1
1.594,4.7055,1.3758,0.08188200000000001,0,0
-0.45061999999999997,-1.3678,7.0858,-0.40303,0,0
-0.38214000000000004,8.3909,2.1624,-3.7405,0,0
-0.59587,2.4811,-2.8673,-0.89828,0,1
-2.4824,-7.3046,6.8389999999999995,-0.59053,1,1
0.94225,5.8561,1.8762,-0.32544,0,0
1.1588,8.9331,-2.0807,-1.1272,0,0
4.1349,6.1189,-2.4294,-0.19613,0,0
0.94732,-0.57113,7.1903,-0.67587,0,0
3.1887,-3.4143,2.7742,-0.2026,0,0
-3.0,-9.1566,9.5766,-0.73018,0,1
-6.0598,9.2952,-0.43642,-6.3694,1,1
4.0680000000000005,-2.9363,2.1992,0.50084,0,0
-0.014902,-1.0243,-0.94024,0.64955,0,1
5.2423,11.0272,-4.353,-4.1013,0,0
0.19080999999999998,9.1297,-3.725,-5.8224,0,0
1.0652,8.3682,-1.4004,-1.6509,0,0
1.645,7.8612,-0.87598,-3.5569,0,0
-2.7914,1.7734,6.7756,-0.39915,0,0
-3.8894,-7.8322,9.8208,0.47498,0,1
1.6349,3.286,2.8753,0.08705399999999999,0,0
-2.2083,-9.1069,8.9991,-0.28406,0,1
-2.9019999999999997,-7.6563,11.8318,-0.8426799999999999,0,1
-0.16108,-6.4624,8.3573,-1.5216,0,0
-0.55008,2.8659,-1.6488,-2.4319,0,1
1.3403,4.1323,-4.7018,-2.5987,1,1
-6.4247,9.5311,0.022844,-6.8517,0,1
-0.40857,3.0977,-2.9607,-2.6892,0,1
0.39011999999999997,-0.14279,-0.031994,0.35084,0,1
-1.1306,1.8458,-1.3575,-1.3806,0,1
2.031,1.8519999999999999,-3.0121,0.003003,0,1
-1.682,-6.8121,7.1398,1.3323,0,1
-0.63298,-5.1277,4.5624,1.4797,0,1
5.7403,-0.44283999999999996,0.38015,1.3763,0,0
3.2051,8.6889,-2.9033,-0.7819,0,0
1.3754,8.8793,-1.9136,-0.53751,0,0
-1.3,10.2678,-2.9530000000000003,-5.8638,0,0
2.1943,4.5503,-4.976,-2.7254,1,1
0.18868,0.70148,-0.5118199999999999,0.0055892,0,1
3.4985,3.1639,0.22676999999999997,-0.1651,0,0
-1.7263,-6.0237,5.2419,0.29524,0,1
5.681,7.795,-2.6848,-0.9254399999999999,0,0
1.4806,7.6377,-2.7876,-1.0341,0,0
-1.1859,-1.2519,2.2635,0.7723899999999999,0,1
0.5623199999999999,1.0015,-2.2726,-0.0060486,0,1
-0.24745,1.9368,-2.4697,-0.80518,0,1
1.3183,1.9017,-3.3111,0.065071,0,1
-1.48,-10.5244,9.9176,-0.5026,0,1
-4.2091,4.7283,-0.49126000000000003,-5.2159,0,1
0.7376,4.8525,-4.7986,-5.6659,0,1
5.9374,6.1664,-2.5905,-0.36553,0,0
5.6272,10.0857,-4.2931,-3.8142,0,0
0.518,0.25865,-0.84085,0.9611799999999999,0,1
0.24835,7.6439,0.9885,-0.87371,0,0
3.1219,-3.137,1.9259,-0.37458,0,0
-7.0421,9.2,0.25933,-4.6832,0,1
0.14329,-1.0885,1.0039,0.48791,1,1
2.9571,-4.5938,5.9068,0.57196,0,0
-2.2804,-0.30626,1.3347,1.3763,0,1
-1.9423,0.3766,-1.2898,-0.82458,0,1
1.1166,8.6496,-0.96252,-1.8112,0,0
-0.49241,0.89392,-1.6283,-0.5685399999999999,0,1
4.6352,-3.0087,2.6773,1.212,0,0
4.0948,-2.9674,2.3689,0.75429,0,0
-3.3125,0.10139,0.55323,-0.2957,0,1
5.7353,5.2808,-2.2598,0.075416,0,0
4.1757,10.2615,-3.8552,-4.3056,0,0
-1.8343,-6.5907,5.6429,0.54998,0,1
3.3669,-5.1856,3.6935,-1.1427,0,0
-3.5916,-6.2285,10.2389,-1.1543,0,1
-3.0201,-0.6725300000000001,2.7056,0.85774,0,1
2.4486,-6.3175,7.9632,0.20601999999999998,0,0
0.96788,7.1907,1.2798,-2.4565,0,0
0.75736,3.0294,2.9164,-0.068117,0,0
2.6917,10.8161,-3.3,-4.2888,0,0
3.7352,9.5911,-3.9032,-3.3487,0,0
-0.2062,9.2207,-3.7044,-6.8103,0,0
-1.9725,2.8825,-2.3086,-2.3724,0,1
-0.24036999999999997,-1.7837,2.135,1.2418,0,1
-0.10234,1.8189,-2.2169,-0.56725,0,1
2.4196,6.4665,-0.75688,0.228,0,0
1.3234,3.2964,0.2362,-0.11984000000000002,0,0
4.0552,-2.4583,2.2806,1.0323,0,0
-2.1802,3.3791,-1.2256,-2.6621,0,1
0.50813,0.47798999999999997,-1.9804,0.57714,0,1
0.9670799999999999,3.8426,-4.9314,-4.1323,1,1
-1.239,-6.541,4.8151,-0.033204000000000004,1,1
3.1088,3.1122,0.80857,0.4336,0,0
-0.8734,-0.033118,-0.20165,0.55774,0,1
5.6084,10.3009,-4.8003,-4.3534,0,0
-1.8448,1.254,0.27218000000000003,-1.0728,0,1
3.0948,8.7324,-2.9007,-0.9668200000000001,0,0
1.0552,1.1857,-2.6411,0.11033,0,1
0.38251,6.8121,1.8128,-0.61251,0,0
1.5356,9.1772,-2.2718,-0.73535,0,0
-2.3211,3.1660000000000004,-1.0002,-2.7151,0,1
-0.7149399999999999,-4.4448,2.2241,0.49826000000000004,0,1
-0.47465,-4.3496,1.9901,0.7517,1,1
-3.6085,3.3253,-0.51954,-3.5737,1,1
1.7747,-6.4334,8.15,-0.89828,0,0
-3.8483,-12.8047,15.6824,-1.281,0,1
5.0452,3.8964,-1.4304,0.8629100000000001,0,0
-0.11715999999999999,0.60422,-0.38587,-0.059065,1,1
-4.2333,4.9166,-0.49212,-5.3207,0,1
-4.2859,8.5234,3.1392,-0.9163899999999999,0,0
-0.8734,1.6533,-2.1964,-0.78061,0,1
3.6894,9.887,-4.0788,-4.3664,0,0
-0.36025,-4.449,2.1067,0.9430799999999999,0,1
-2.0441,1.2271,0.18564,-1.091,0,1
-2.2623,12.1177,0.28846,-7.7581,0,0
-0.37013,-5.553999999999999,4.7749,1.547,1,1
-5.4808,8.1819,0.27818000000000004,-5.0323,0,1
-1.7549,-0.080711,-0.75774,-0.3707,0,1
-1.0401,9.3987,0.85998,-5.3336,0,0
-1.979,3.2301,-1.3575,-2.5819,0,1
-0.21661,8.0329,1.8848,-3.8853,0,0
-1.1391,1.8127,6.9144,0.70127,0,0
3.0329,2.2948,2.1135,0.35084,0,0
1.3518,1.0595,-2.3437,0.39998,0,1
-0.11782999999999999,-1.5789,8.03,-0.028031,0,0
2.1616,-6.8804,8.1517,-0.081048,0,0
1.5456,8.5482,0.4187,-2.1784,0,0
4.0422,-4.391,4.7466,1.137,0,0
-1.9555,0.20692,1.2473,-0.3707,0,1
4.7965,6.9859,-1.9967,-0.35001,0,0
-1.5851,-2.1562,1.7082,0.9017,1,1
3.8023,-3.8696,4.044,0.9534299999999999,0,0
0.30080999999999997,0.17381,-1.7542,0.48921000000000003,0,1
4.8906,-3.3584,3.4202,1.0905,0,0
-0.65767,-2.8018,3.7115,0.99739,1,1
-0.90784,-7.9026,6.7807,0.34179,0,1
-3.0731,-0.53181,2.3877,0.77627,0,1
0.83625,1.1071,-2.4706,-0.062945,0,1
0.5706,-0.024841,1.2421,-0.56208,0,0
3.7767,9.7794,-3.9075,-3.5323,0,0
3.6077,6.8576,-1.1622,0.28231,0,0
4.2475,1.4816,-0.48355,0.9534299999999999,0,0
-1.786,-8.1157,7.0858,-1.2112,0,1
0.21431,-0.69529,0.8771100000000001,0.29653,0,1
2.3917,4.5565,-4.9888,-2.8987,0,1
4.9249,0.68906,0.77344,1.2095,0,0
2.5605,9.2683,-3.5913,-1.3559999999999999,0,0
5.1321,-0.031048000000000003,0.32616,1.1151,0,0
-2.0046,-0.49456999999999995,1.3330000000000002,1.6543,0,1
-0.64326,2.4748,-2.9452,-1.0276,0,1
-2.8391,-6.63,10.4849,-0.42113,0,1
-3.0265,-0.062088,0.68604,-0.055186,1,1
3.9529,-2.3548,2.3792,0.48273999999999995,0,0
-1.8584,7.886,-1.6643,-1.8384,0,0
0.0031201000000000002,-4.0061,1.7956,0.91722,0,1
0.9297,-3.7971,4.6429,-0.2957,0,0
1.2746,8.8172,-1.5323,-1.7957,0,0
0.33111,4.5731,2.057,-0.18967,0,0
0.5195,-3.2633,3.0895,-0.9849,0,0
0.7406699999999999,1.7299,-3.1963,-0.1457,0,1
2.2279,4.0951,-4.8037,-2.1112,0,1
0.96414,5.6160000000000005,2.2138,-0.12500999999999998,0,0
5.4021,3.1039,-1.1536,1.5651,0,0
2.2634,-4.4862,3.6558,-0.61251,0,0
1.7425,3.6833,-4.0129,-1.7207,0,1
-3.551,1.8955,0.1865,-2.4409,0,1
0.3434,0.12415,-0.28733000000000003,0.14654,0,1
-1.5732,1.0636,-0.71232,-0.8388,0,1
-1.3971,3.3191,-1.3927,-1.9948,0,1
5.7823,5.5788,-2.4089,-0.056478999999999994,0,0
4.5459,8.1674,-2.4586,-1.4621,0,0
0.55298,-3.4619,1.7048,1.1008,0,1
0.5393600000000001,3.8944,-4.8166,-4.3418,1,1
4.1425,-3.6792,3.8281,1.6297,0,0
-2.0529,3.8385,-0.7954399999999999,-1.2138,0,1
0.7225199999999999,-0.053811000000000005,5.6703,-1.3509,0,0
-1.9966,-9.5001,9.682,-0.12889,0,1
-1.3414,-1.9162,-0.15538,-0.11984000000000002,0,1
-2.3898,-0.78427,3.0141,0.76205,1,1
-2.3518,-4.8359,6.6479,-0.060358,1,1
-2.7083,-6.8266,7.5339,0.59007,1,1
0.26877,4.987,-5.1508,-6.3913,0,1
4.3937,0.35798,2.0416,1.2004,0,0
0.8620200000000001,2.6963,4.2908,0.5473899999999999,0,0
-4.5531,-12.5854,15.4417,-1.4983,0,1
-1.3,10.2678,-2.9530000000000003,-5.8638,0,0
0.5746100000000001,10.1105,-1.6917,-4.3922,0,0
3.7635,2.7811,0.6611899999999999,0.34179,0,0
5.2418,10.5388,-4.1174,-4.2797,0,0
-2.659,-1.6058,1.3647,0.16464,0,1
-0.13144,-1.7775,8.3316,0.35214,0,0
-0.36279,8.2895,-1.9213,-3.3332,0,0
-2.5639999999999996,-1.7051,1.5026,0.32757,0,1
4.1711,8.722000000000001,-3.0224,-0.5969899999999999,0,0
-0.4294,-0.14693,0.044265,-0.15605,0,1
-5.9034,6.5679,0.67661,-6.6797,0,1
-0.2062,9.2207,-3.7044,-6.8103,0,0
-0.23356,3.2405,-3.0669,-2.7784,1,1
3.1377,-4.1096,4.5701,0.9896299999999999,0,0
3.4805,9.7008,-3.7541,-3.4379,0,0
-0.12624000000000002,10.3216,-3.7121,-6.1185,0,0
2.5817,9.7546,-3.1749,-2.9957,0,0
-3.1273,-7.1121,11.3897,-0.083634,0,1
2.9939999999999998,7.2011,-1.2153,0.3211,0,0
-2.1786,-6.4479,6.0344,-0.20776999999999998,0,1
-1.1188,3.3357,-1.3455,-1.9573,0,1
0.3292,-4.4552,4.5718,-0.9888,0,0
-3.6961,-13.6779,17.5795,-2.6181,1,1
-2.5919,-1.0553,3.8949,0.77757,0,1
-2.1059,1.1815,-0.5332399999999999,-0.82716,0,1
0.56953,7.6294,1.5754,-3.2233,0,0
3.6244,1.4609,1.3501,1.9284,0,0
0.58836,10.7727,-1.3884,-4.3276,0,0
-4.0173,-8.3123,12.4547,-1.4375,0,1
0.39559,6.8866,1.0588,-0.67587,0,0
-0.26654,-0.64562,-0.42013999999999996,0.89136,0,1
0.062525,2.9301,-3.5467,-2.6737,0,1
-0.49948000000000004,1.7734,-2.2469,-0.68104,0,1
0.049175,6.1437,1.7828,-0.72113,0,0
1.2247,8.7779,-2.2135,-0.80647,0,0
1.9647,6.9383,0.57722,0.66377,0,0
0.045304000000000004,6.7334,1.0708,-0.9332,0,0
4.2586,11.2962,-4.0943,-4.3457,0,0
4.2756,-2.6528,2.1375,0.94437,0,0
1.6406,3.5488,1.3964,-0.36424,0,0
-2.0545,-10.8679,9.4926,-1.4116,0,1
-0.28696,3.1784,-3.5767,-3.1896,1,1
3.8244,-3.1081,2.4537,0.5202399999999999,0,0
-3.5798,0.45937,2.3457,-0.45733999999999997,1,1
1.7939,-1.1174,1.5454,-0.26079,0,0
1.5701,7.9129,0.29018,-2.1953,0,0
-2.4621,2.7645,-0.62578,-2.8573,0,1
-4.3876,-7.7267,11.9655,-1.4543,1,1
2.6606,3.1681,1.9619,0.18662,0,0
-3.7244,1.9037,-0.035421,-2.5095,1,1
-1.6244,-6.3444,4.6575,0.16981,1,1
1.5691,6.3465,-0.1828,-2.4099,0,0
0.85574,0.0082678,6.6042,-0.53104,0,0
5.2012,0.32694,0.17965,1.1797,0,0
3.5499,8.6165,-3.2794,-1.2009,0,0
-2.286,-5.4484,5.8039,0.88231,0,1
1.04,-6.9321,8.2888,-1.2991,0,0
0.86736,5.5643,1.6765,-0.16769,0,0
1.6426,3.0149,0.22849,-0.147,0,0
3.5761,9.7753,-3.9795,-3.4638,0,0
3.5594,1.3078,1.291,1.6556,0,0
1.2138,8.7986,-2.1672,-0.74182,0,0
2.6104,8.0081,-0.23592,-1.7608,0,0
1.1640000000000001,3.9130000000000003,-4.5544,-3.8672,0,1
-1.4375,-1.8624,4.026,0.5512699999999999,0,1
4.6439,-3.3729,2.5976,0.55257,0,0
2.7659,0.6621600000000001,4.1494,-0.28406,0,0
3.4776,8.811,-3.1886,-0.92285,0,0
4.1454,7.257000000000001,-1.9153,-0.8607799999999999,0,0
-5.2406,6.6258,-0.19908,-6.8607,0,1
2.8672,10.0008,-3.2049,-3.1095,0,0
5.2756,0.13863,0.12138,1.1435,0,0
-3.7573,-8.2916,10.3032,0.38059,0,1
3.1541,-5.1711,6.5991,0.57455,0,0
0.33325,3.3108,-4.5081,-4.012,0,1
1.9157,6.0816,0.23705,-2.0116,0,0
-1.2537,10.8803,1.931,-4.3237,0,0
-2.7028,1.6327,0.83598,-0.09139299999999999,0,1
4.0215,-2.1914,2.4648,1.1409,0,0
6.5633,9.8187,-4.4113,-3.2258,0,0
2.549,6.1499,-1.1605,-1.2371,0,0
2.3136,10.6651,-3.5288,-4.7672,0,0
-1.6176,1.0926,-0.35502,-0.59958,0,1
1.0191,2.33,4.9334,0.82929,0,0
3.6941,-3.9482,4.2625,1.1577,0,0
0.77445,9.0552,-2.4089,-1.3884,0,0
-1.9177,11.6894,2.5454,-3.2763,0,0
4.4072,-0.070365,2.0416,1.1319,0,0
0.61652,3.8944,-4.7275,-4.3948,0,1
0.37637,-0.82358,0.7854300000000001,0.74524,0,1
-2.6989,12.1984,0.67661,-8.5482,0,0
2.7206,9.0821,-3.3111,-0.96811,0,0
2.5503,-4.9518,6.3729,-0.41596000000000005,0,0
-3.9172,2.6652,0.78886,-0.7819,0,1
-6.3364,9.2848,0.014275,-6.7844,0,1
1.7819,6.9176,-1.2744,-1.5759,0,0
3.5189,6.332000000000001,-1.7791,-0.020273,0,0
2.0962,2.4769,1.9379,-0.040962,0,0
0.3798,0.7098,0.7572,-0.4444,0,0
0.51947,-3.2633,3.0895,-0.98492,0,0
2.8561,6.9176,-0.79372,0.48403,0,0
-4.4775,-13.0303,17.0834,-3.0345,0,1
2.8237,2.8597,0.19677999999999998,0.57196,0,0
3.1836,7.2321,-1.0713,-2.5909,0,0
0.40614,1.3492,-1.4501,-0.5594899999999999,0,1
2.5581,2.6218,1.8513,0.40257,0,0
0.74428,-3.7723,1.6131,1.5754,0,1
-0.83535,0.80494,-1.6411,-0.19225,0,1
-0.1269,-1.1505,-0.9513799999999999,0.57843,0,1
5.2032,3.5116,-1.2538,1.0129,0,0
-3.0986,-10.4602,8.9717,-2.3427,0,1
4.7114,2.0755,-0.2702,1.2379,0,0
-0.39816,5.9781,1.3912,-1.1621,0,0
-2.2261,12.5398,2.9438,-3.5258,0,0
-0.27068000000000003,3.2674,-3.5562,-3.0888,0,1
1.8967,-2.5163,2.8093,-0.79742,0,0
3.2414,0.40971,1.4015,1.1952,0,0
2.7391,7.4018,0.071684,-2.5302,0,0
-1.8076,-8.8131,8.7086,-0.21681999999999998,0,1
0.24261,0.57318,-1.9402,0.44006999999999996,0,1
-1.8629,-0.84841,2.5377,0.097399,0,1
2.2517,-5.1422,4.2916,-1.2487,0,0
1.0009,7.7846,-0.28219,-2.6608,0,0
-4.2249,6.2699,0.15822,-5.5457,0,1
5.1302,8.6703,-2.8913,-1.5086,0,0
-2.6479,10.1374,-1.331,-5.4707,0,0
-0.7034600000000001,2.957,-3.5947,-3.1457,0,1
-0.70867,-5.5602,4.0483,0.903,0,1
-1.4094,-2.1252,-0.10397,-0.19225,1,1
-2.4198,-0.24418,0.7014600000000001,0.41808999999999996,0,1
-1.5572,-9.8808,8.1088,-1.0806,0,1
-1.4628,-1.5706,2.4357,0.49826000000000004,0,1
1.5478,9.1814,-1.6326,-1.7375,0,0
5.1129,-0.49871000000000004,0.62863,1.1189,0,0
4.6499,7.6336,-1.9427,-0.37458,0,0
-0.27802,8.1881,-3.1338,-2.5276,0,0
3.8213,0.23175,2.0133,2.0564,0,0
4.8265,0.80287,1.6371,1.1875,0,0
3.3397,-4.6145,3.9823,-0.23751,0,0
-1.8391,-9.0883,9.2416,-0.10432000000000001,0,1
-2.5665,-6.8824,7.5416,0.7077399999999999,0,1
4.9294,0.27726999999999996,0.20792,0.33662,0,0
0.95626,2.4728,4.4578,0.21636,0,0
4.3365,-3.5839999999999996,3.6884,0.74912,0,0
-2.4953,11.1472,1.9353,-3.4638,0,0
5.086,3.2798,-1.2701,1.1189,0,0
-1.6001,-9.5828,9.4044,0.08188200000000001,0,1
3.82,10.9279,-4.0112,-5.0284,0,0
-2.484,12.1611,2.8204,-3.7418,0,0
3.7321,-3.884,3.3577,-0.0060486,0,0
3.866,-2.6383,1.9242,0.10645,0,0
4.223,1.1319,0.72202,0.9611799999999999,0,0
2.565,8.633,-2.9941,-1.3082,0,0
1.1315,7.9212,1.093,-2.8444,0,0
2.1881,2.7356,1.3278,-0.1832,0,0
3.6216,8.6661,-2.8073,-0.44698999999999994,0,0
0.7049,0.17174,-1.7859,0.36119,0,1
-3.7503,-13.4586,17.5932,-2.7771,0,1
3.2032,5.7588,-0.75345,-0.61251,0,0
-3.7747,2.5162,0.83341,-0.30993000000000004,0,1
-6.5084,8.7696,0.23190999999999998,-3.937,0,1
-2.7419,11.4038,2.5394,-5.5793,0,0
0.24394000000000002,1.4733,-1.4192,-0.58535,0,1
2.5331,2.9135,-0.8220000000000001,-0.12243,0,0
-2.4115,-9.1359,9.3444,-0.65259,0,1
3.9102,6.065,-2.4534,-0.68234,0,0
-1.1667,-1.4237,2.9241,0.6611899999999999,1,1
1.4378,0.66837,-2.0267,1.0271,0,1
4.9923,7.8653,-2.3515,-0.7198399999999999,0,0
4.6765,-3.3895,3.4896,1.4771,0,0
3.9364,10.5885,-3.725,-4.3133,0,0
2.6648,10.754000000000001,-3.3994,-4.1685,0,0
-0.09219400000000001,0.39315,-0.32846,-0.13794,0,1
0.54777,10.3754,-1.5435,-4.1633,0,0
-1.3968,-9.6698,9.4652,-0.34872,0,1
0.14783,7.946000000000001,1.0742,-3.3409,0,0
4.7285,2.1065,-0.28305,1.5625,0,0
3.4642,10.6878,-3.4071,-4.109,0,0
-1.4904,-2.2183,1.6054,0.89394,0,1
-1.5252,-6.2534,5.3524,0.59912,0,1
3.9166,10.2491,-4.0926,-4.4659,0,0
-1.8030000000000002,11.8818,2.0458,-5.2728,0,0
-0.17296,-1.1816,1.3818,0.7336,0,1
2.3066,3.5364,0.5755100000000001,0.41938000000000003,0,0
-3.793,-12.7095,12.7957,-2.825,0,1
-4.0679,2.4955,0.79571,-1.1039,0,1
-1.7559,11.9459,3.0946,-4.8978,0,0
0.5706,-0.0248,1.2421,-0.5621,0,0
3.1452,5.825,-0.51439,-1.4944,0,0
-3.5359,0.30417,0.6569,-0.2957,0,1
3.8832,6.4023,-2.432,-0.9836299999999999,0,0
-0.278,8.1881,-3.1338,-2.5276,0,0
4.1665,-0.4449,0.23448000000000002,0.27843,0,0
2.3952,9.5083,-3.1783,-3.0086,0,0
2.6415,7.586,-0.28562,-1.6677,0,0
4.1197,-2.7956,2.0707,0.6741199999999999,0,0
1.3419,-4.4221,8.09,-1.7349,0,0
4.8451,8.1116,-2.9512,-1.4724,0,0
-1.3995,-1.9162,2.5154,0.59912,0,1
-1.6936,2.7852,-2.1835,-1.9276,1,1
1.581,0.8690899999999999,-2.3138,0.8241200000000001,0,1
0.3292,-4.4552,4.5718,-0.9888,0,0
1.0607,2.4542,2.5188,-0.17027,0,0
-0.278,8.1881,-3.1338,-2.5276,0,0
-1.9389,1.5706,0.045979,-1.122,0,1
0.64376,3.764,-4.4738,-4.0483,1,1
2.2034,5.9947,0.53009,0.84998,0,0
-0.11996,6.8741,0.91995,-0.6694,0,0
4.2027,0.22760999999999998,0.9610799999999999,0.97282,0,0
-3.8167,5.1401,-0.65063,-5.4306,0,1
-2.2501,3.3129,-0.88369,-2.8974,0,1
-0.9854,-6.6610000000000005,5.8245,0.5461,0,1
-1.9458,11.2217,1.9079,-3.4405,0,0
5.1213,8.5565,-3.3917,-1.5474,0,0
4.9342,2.4107,-0.17594,1.6245,0,0
2.2504,3.5757,0.35273000000000004,0.2836,0,0
0.26516999999999996,2.4066,-2.8416,-0.59958,0,1
1.3114,4.5462,2.2935,0.22541,0,0
2.0911,0.94358,4.5512,1.234,0,0
3.4312,6.2637,-1.9513,-0.36165,0,0
-2.2153,11.9625,0.078538,-7.7853,0,0
4.1654,-3.4495,3.6430000000000002,1.0879,0,0
-0.78289,11.3603,-0.37644,-7.0495,0,0
3.9994,0.90427,1.1693,1.6892,0,0
1.3049,-0.15521,6.4911,-0.75346,0,0
2.2526,9.9636,-3.1749,-2.9944,0,0
-2.2625,-0.099335,2.8127,0.48662,1,1
2.5367,2.5989999999999998,2.0938,0.20085,0,0
2.6562,10.7044,-3.3085,-4.0767,0,0
-1.9983,-6.6072,4.8254,-0.41984,0,1
-3.5933,0.22968000000000002,0.7126,-0.3332,0,1
1.162,10.2926,-1.2821,-4.0392,0,0
-4.7331,-6.1789,11.388,-1.0741,0,1
-3.8952,3.8157,-0.31304,-3.8194,0,1
-2.0891,-0.48422,1.704,1.7435,1,1
2.5989,3.5178,0.7623,0.81119,0,0
-2.8619,4.5193,-0.58123,-4.2629,1,1
0.7589600000000001,0.29175999999999996,-1.6506,0.83834,0,1
0.5195,-3.2633,3.0895,-0.9849,0,0
2.4673,1.3926,1.7125,0.41421,0,0
-0.8471,3.1329,-3.0112,-2.9388,0,1
1.7317,-0.34765,4.1905,-0.9913799999999999,0,0
4.5691,-4.4552,3.1769,0.004296100000000001,0,0
-0.46651000000000004,2.3383,-2.9812,-1.0431,0,1
2.1948,1.3781,1.1582,0.85774,0,0
4.0962,10.1891,-3.9323,-4.1827,0,0
-2.588,3.8654,-0.3336,-1.2797,1,1
-4.1244,3.7909,-0.6532,-4.1802,0,1
-0.40804,0.54214,-0.52725,0.6586,0,1
4.9362,7.6046,-2.3429,-0.8530200000000001,0,0
3.4916,8.5709,-3.0326,-0.59182,0,0
4.0552,0.40143,1.4563,0.6534300000000001,0,0
3.404,8.7261,-2.9915,-0.5724199999999999,0,0
-1.6641,-1.3678,1.9969999999999999,0.52283,0,1
4.0446,11.1741,-4.3582,-4.7401,0,0
5.0297,-4.9704,3.5025,-0.23751,0,0
4.0405,0.5152399999999999,1.0279,1.1059999999999999,0,0
1.2279,4.0309,-4.6435,-3.9125,0,1
-2.121,-0.05587999999999999,1.949,1.3530000000000002,1,1
-0.62684,-6.301,4.7843,1.1059999999999999,1,1
5.4944,1.5478,0.041694,1.9284,0,0
4.5707,7.2094,-3.2794,-1.4944,0,0
-1.3,10.2678,-2.9530000000000003,-5.8638,0,0
-0.36038000000000003,4.1158,3.1143,-0.37199,0,0
2.8297,6.3485,-0.73546,-0.58665,0,0
3.9294,1.4112,1.8076,0.8978200000000001,0,0
-0.24811,-0.17797000000000002,4.9068,0.15429,0,0
-2.5754,-5.6574,6.103,0.6521399999999999,0,1
-0.3489,3.1929,-3.4054,-3.1832,0,1
-1.6514,-8.4985,9.1122,1.2379,1,1
3.4669,6.87,-1.0568,-0.73147,0,0
-2.5526,-7.3625,6.9255,-0.66811,0,1
1.0284,9.767000000000001,-1.3687,-1.7853,0,0
4.2164,9.4607,-4.9288,-5.2366,0,0
1.4479,-4.8794,8.3428,-2.1086,0,0
4.1038,-4.8069,3.3491,-0.49225,0,0
0.20976999999999998,-0.46146000000000004,7.7267,0.90946,0,0
-2.0285,3.8468,-0.63435,-1.175,0,1
2.6463,-4.8152,6.3549,0.003003,0,0
1.8216,-6.4748,8.0514,-0.41855,0,0
-6.5773,6.8017,0.85483,-7.5344,0,1
3.8905,-2.1521,2.6302,1.1047,0,0
-3.0061,-12.2377,11.9552,-2.1603,0,1
0.12125999999999999,0.22346999999999997,-0.47326999999999997,0.97024,0,1
-0.048007999999999995,-1.6037,8.4756,0.75558,0,0
-0.39416,-0.020702,-0.06626699999999999,-0.44698999999999994,0,1
-0.5081600000000001,2.8680000000000003,-1.8108,-2.2612,0,1
-3.3582,-7.2404,11.4419,-0.57113,1,1
-2.0662,0.16967000000000002,-1.0054,-0.82975,0,1
3.4566,9.5228,-4.0112,-3.5944,0,0
5.032,8.2026,-2.6256,-1.0341,0,0
1.6849,8.7489,-1.2641,-1.3858,0,0
-2.62,-6.8555,6.2169,-0.62285,1,1
-0.9540299999999999,1.9824,-2.3163,-1.1957,0,1
4.6361,-2.6611,2.8358,1.1991,0,0
-1.8356,-6.7562,5.0585,-0.5504399999999999,1,1
2.8084,11.3045,-3.3394,-4.4194,0,0
-2.5084,-0.22763000000000003,1.4880000000000002,1.2069,0,1
-2.5463,3.1101,-0.8322799999999999,-3.0358,0,1
0.5706,-0.0248,1.2421,-0.5621,0,0
1.2309,3.8923,-4.8277,-4.0069,0,1
-0.60254,1.7237,-2.1501,-0.77027,0,1
-0.83121,0.039307,0.053689999999999995,-0.23105,0,1
0.21084,9.4359,-0.09454299999999999,-1.859,0,0
2.8969,0.70768,2.29,1.8663,0,0
2.2123,-5.8395,7.7687,-0.8530200000000001,0,0
4.6464,10.5326,-4.5852,-4.206,0,0
-2.4349,-9.2497,8.9922,-0.5000100000000001,0,1
-4.2932,3.3419,0.77258,-0.99785,0,1
2.9742,8.96,-2.9024,-1.0379,0,0
3.5251,0.7201,1.6928,0.6443800000000001,0,0
5.3915,9.9946,-3.8081,-3.3642,0,0
4.0632,3.5839999999999996,0.72545,0.39481,0,0
3.7818,-2.8846,2.2558,-0.15734,0,0
-1.7063,2.7956,-2.378,-2.3491,0,1
4.5679,3.1929,-2.1055,0.29653,0,0
-2.0042,-9.3676,9.3333,-0.10303,1,1
4.65,-4.8297,3.4553,-0.25174,0,0
2.9421,7.4101,-0.97709,-0.8840600000000001,0,0
4.4338,9.887,-4.6795,-3.7483,0,0
0.8960600000000001,10.5471,-1.4175,-4.0327,0,0
4.2478,7.6956,-2.7696,-1.0767,0,0
-2.9138,-9.4711,9.7668,-0.60216,0,1
4.1529,-3.9358,2.8633,-0.017686,0,0
-2.2918,-7.257000000000001,7.9597,0.9211,0,1
-1.7976,-6.7686,6.6753,0.89912,1,1
-0.33729000000000003,-0.64976,7.6659,0.72326,0,0
-0.30432,2.6528,-2.7756,-0.65647,0,1
2.7213,7.05,-0.58808,0.41808999999999996,0,0
-0.025314,-0.17382999999999998,-0.11339,1.2198,0,1
4.6014,5.6264,-2.1235,0.19309,0,0
3.4819999999999998,-4.1634,3.5008,-0.078462,0,0
-1.8046,-6.8141,6.7019,1.1681,0,1
0.84546,3.4826,-3.6307,-1.3961,0,1
1.5514,3.8013,-4.9143,-3.7483,0,1
1.5902,2.2948,3.2403,0.18404,0,0
1.208,4.0744,-4.7635,-2.6129,0,1
-4.0214,-12.8006,15.6199,-0.95647,0,1
3.6582,5.6864,-1.7157,-0.23751,0,0
4.0215,-2.7004,2.4957,0.36635999999999996,0,0
4.9852,8.3516,-2.5425,-1.2823,0,0
-1.7589,-6.4624,8.4773,0.31981,0,1
0.9657399999999999,8.392999999999999,-1.361,-1.4659,0,0
2.9543,1.0759999999999998,0.64577,0.89394,0,0
-1.7279,-6.841,8.9494,0.68058,0,1
1.1644,3.8095,-4.9408,-4.0909,0,1
2.6718,5.6574,0.7297399999999999,-1.4892,0,0
0.9270299999999999,9.4318,-0.66263,-1.6728,0,0
-5.119,6.6486,-0.049987000000000004,-6.5206,0,1
1.7748,-0.76978,5.5854,1.3039,0,0
-0.36372,3.0439,-3.4816,-2.7836,0,1
4.2458,1.1981,0.66633,0.94696,0,0
0.31803000000000003,-0.99326,1.0947,0.8861899999999999,0,1
-0.29858,2.4769,-2.9512,-0.66165,1,1
-2.0659,1.0512,-0.46298,-1.0974,0,1
-0.36506,2.8928,-3.6461,-3.0603,0,1
1.105,7.4432,0.41098999999999997,-3.0332,0,0
1.9340000000000002,-9.2828e-06,4.816,-0.33966999999999997,0,0
-1.5681,-7.2446,6.5537,-0.1276,1,1
2.6946,6.7976,-0.40301,0.44911999999999996,0,0
-2.4941,3.5447,-1.3721,-2.8483,0,1
3.7522,-3.6978,3.9943,1.3051,0,0
1.4578,-0.08485,4.1785,0.59136,0,0
-0.53072,-0.097265,-0.21793,1.0426,1,1
4.0329,0.23175,0.8908200000000001,1.1823,0,0
2.7296,2.8701,0.5112399999999999,0.5099,0,0
-5.1216,-5.3118,10.3846,-1.0612,1,1
-0.82053,0.65181,-0.48868999999999996,-0.5271600000000001,0,1
-1.4174,-2.2535,1.518,0.6198100000000001,0,1
0.89566,7.7763,-2.7473,-1.9353,0,0
3.4465,2.9508,1.0271,0.5461,0,0
4.2406,-2.4852,1.608,0.7155,0,0
-1.5075,1.9224,7.1466,0.89136,0,0
2.4235,9.5332,-3.0789,-2.7746,0,0
-0.0012852,0.13863,-0.19651,0.0081754,0,1
-1.5078,-7.3191,7.8981,1.2289,0,1
0.2952,4.8856,-5.149,-6.2323,0,1
3.2422,6.2265,0.12224000000000002,-1.4466,0,0
-2.1333,1.5685,-0.084261,-1.7453,1,1
2.9233,6.0464,-0.11168,-0.58665,0,0
0.11739000000000001,6.2761,-1.5495,-2.4746,0,0
-2.2987,-5.227,5.63,0.91722,0,1
0.96441,5.8395,2.3235,0.066365,0,0
0.32444,10.067,-1.1982,-4.1284,0,0
-1.4427,3.2922,-1.9702,-3.4392,1,1
-1.6677,-7.1535,7.8929,0.96765,0,1
4.9264,5.496,-2.4774,-0.50648,0,0
2.2893,3.733,0.6312,-0.39786,0,0
3.5358,6.7086,-0.81857,0.47886000000000006,0,0
-5.0301,7.5032,-0.13396,-7.5034,0,1
3.8117,10.1457,-4.0463,-4.5629,0,0
0.9297,-3.7971,4.6429,-0.2957,0,0
2.0421,1.2436,4.2171,0.9042899999999999,0,0
1.9572,-5.1153,8.6127,-1.4297,0,0
-2.7143,11.4535,2.1092,-3.9629,0,0
2.7365,-5.0325,6.6608,-0.57889,0,0
-0.6907800000000001,-0.5007699999999999,-0.35417,0.47498,0,1
3.8481,10.1539,-3.8561,-4.2228,0,0
4.3064,8.2068,-2.7824,-1.4336,0,0
2.3969,0.23589000000000002,4.8477,1.4369999999999998,0,0
-1.0112,2.9984,-1.1664,-1.6185,0,1
1.9265,7.7557,-0.16823,-3.0771,0,0
-0.87874,-2.2121,-0.051701,0.099985,1,1
2.229,9.6325,-3.1123,-2.7164,0,0
4.0524,5.6802,-1.9693,0.026279000000000004,0,0
1.1676,9.1566,-2.0867,-0.80647,0,0
-2.7723,3.2777,-0.9351,-3.1457,0,1
-3.8826,4.898,-0.92311,-5.0801,0,1
-0.7869,9.5663,-3.7867,-7.5034,0,0
4.3435,3.3295,0.83598,0.64955,0,0
-1.2576,1.5892,7.0078,0.42455,0,0
-2.2527,11.5321,2.5899,-3.2737,0,0
5.0429,-0.52974,0.50439,1.1059999999999999,0,0
5.7456,10.1808,-4.7857,-4.3366,0,0
0.46901000000000004,-0.63321,7.3848,0.36507,0,0
1.6019999999999999,6.1251,0.5292399999999999,0.47886000000000006,0,0
3.4663,1.1112,1.7425,1.3388,0,0
0.32924000000000003,-4.4552,4.5718,-0.9888,0,0
2.7831,10.9796,-3.557,-4.4039,0,0
4.1736,3.3336,-1.4244,0.60429,0,0
3.534,9.3614,-3.6316,-1.2461,0,0
-4.4861,-13.2889,17.3087,-3.2194,1,1
1.3349,6.1189,0.46497,0.49826000000000004,0,0
-1.3946,2.3134,-0.44498999999999994,-1.4905,1,1
1.5099,0.039307,6.2332,-0.30346,0,0
3.9382,0.9291,0.7854300000000001,0.6767,0,0
2.8521,9.171,-3.6461,-1.2047,0,0
-1.8219,-6.8824,5.4681,0.057313,1,1
0.8135600000000001,9.1566,-2.1492,-4.1814,0,0
3.7758,7.1783,-1.5195,0.40128,0,0
-0.71868,-5.7154,3.8298,1.0233,0,1
-1.5055,0.070346,6.8681,-0.50648,0,0
-1.1193,10.7271,2.0938,-5.6504,0,0
3.5829,1.4423,1.0219,1.4008,0,0
-0.9592299999999999,0.091039,6.2204,-1.4828,0,0
-5.4414,7.2363,0.10937999999999999,-7.5642,0,1
3.5458,9.3718,-4.0351,-3.9564,0,0
-1.2786,-2.4087,4.5735,0.47626999999999997,0,1
-0.77688,0.13036,-0.031137,-0.35389,0,1
4.3483,11.1079,-4.0857,-4.2539,0,0
-0.62043,0.5587,-0.38587,-0.66423,0,1
-1.8215,2.7521,-0.7226100000000001,-2.353,0,1
-3.5060000000000002,-12.5667,15.1606,-0.75216,1,1
4.6689,1.3098,0.055403999999999995,1.909,0,0
-1.6162,0.80908,8.1628,0.60817,0,0
4.2969,7.617000000000001,-2.3874,-0.9616399999999999,0,0
3.7935,7.9853,-2.5477,-1.8719999999999999,0,0
0.49665,5.527,1.7785,-0.47156000000000003,0,0
-4.7462,3.1205,1.075,-1.2966,0,1
2.4391,6.4417,-0.80743,-0.69139,0,0
3.7022,6.9942,-1.8511,-0.12889,0,0
-3.0799,0.60836,2.7039,-0.23751,1,1
3.6277,0.9829,0.68861,0.63403,0,0
-0.7784800000000001,3.4019,-3.4859,-3.5569,0,1
1.0235,6.901,-2.0062,-2.7125,0,0
3.7798,-3.3109,2.6491,0.066365,0,0
-2.9821,4.1986,-0.5898,-3.9642,0,1
4.4295,-2.3507,1.7048,0.90946,0,0
-2.0631,-1.5147,1.219,0.44523999999999997,0,1
-2.3221,-9.3304,9.232999999999999,-0.79871,0,1
2.483,6.6155,-0.79287,-0.9086299999999999,0,0
2.093,8.3061,0.022844,-3.2724,0,0
-0.8954200000000001,2.0279,-2.3652,-1.2746,0,1
